{
	"name": "jqGrid",
	"title": "Guriddo jqGrid",
	"description": "jqGrid is an Ajax-enabled JavaScript control that provides solutions for representing and manipulating tabular data on the web.",
	"keywords": [
		"grid",
		"table",
		"treegrid",
		"sorting",
		"paging",
		"editing",
		"grouping",
		"searching",
		"aria",
		"transposed",
		"forzen rows",
		"frozen columns"
	],
	"version": "5.7.0",
	"author": {
		"name": "Tony Tomov",
		"email": "tony@trirand.com",
		"url": "http://guriddo.new"
	},
	"maintainers": [
		{
			"name": "Tony Tomov",
			"email": "tony@trirand.com",
			"url": "http://guriddo.net"
		}
	],
	"licenses": [
		{
		  "type": "Creative Commons Attribution-Non-Commercial 3.0 License",
		  "url": "http://guriddo.net/?page_id=103334"
		}
	],
	"bugs": "https://github.com/tonytomov/jqGrid/issues",
	"homepage": "http://www.trirand.com",
	"docs": "http://www.trirand.com/jqgridwiki/doku.php",
	"dependencies": {
		"jquery": ">=1.7"
	}
}
